<?xml version="1.0" encoding="UTF-8" standalone="no"?><lockbum><email>novi@gmail.com</email><images><xenc:EncryptedData xmlns:xenc="http://www.w3.org/2001/04/xmlenc#" Type="http://www.w3.org/2001/04/xmlenc#Content"><xenc:EncryptionMethod Algorithm="http://www.w3.org/2001/04/xmlenc#tripledes-cbc"/><ds:KeyInfo xmlns:ds="http://www.w3.org/2000/09/xmldsig#">
<ds:KeyName>Kriptovani tajni kljuc</ds:KeyName>
<xenc:EncryptedKey><xenc:EncryptionMethod Algorithm="http://www.w3.org/2001/04/xmlenc#rsa-1_5"/><xenc:CipherData><xenc:CipherValue>CUdTzpRikGtCprTCfmqfPuIKf64y2Turpa+ZAT99h7cQUrorAt8f1EQxl1CEZqkac/QncXrlU5nB&#13;
sV+M6O0g7LhWuefK0+zqktmDhTq63T+fqIbhCsoD5/FOBm+7qWhvzu6eZgyfsvN37buI3Y1NJvMn&#13;
xpjjYPyijyELDIM/Vqw=</xenc:CipherValue></xenc:CipherData></xenc:EncryptedKey></ds:KeyInfo><xenc:CipherData><xenc:CipherValue>xW+5NsheMcdkdEOiucJxiqeXXWSxRt7FgNOpJsyAIcCo7nDy97DwTUE9Acox2B7954gafvdrr8Mp&#13;
nj3XfhMD1eqpJTRx6s4wkLHxtLOUPcCDjbR24ZzHYwKefoNtCl/A3p0wjkT/p68zChhxRGJKQtga&#13;
5HzCUBnJWvVZVzBq0Byf9bgDGX27yU65lcakuYKUDbY24LC9pnGSN7H7nHxx0g8zjpshizfX96+o&#13;
tT8EIOj4WtNmADnuz74Dye+jqfyf</xenc:CipherValue></xenc:CipherData></xenc:EncryptedData></images><date>Sat Jun 29 15:59:12 CEST 2019</date><ds:Signature xmlns:ds="http://www.w3.org/2000/09/xmldsig#">
<ds:SignedInfo>
<ds:CanonicalizationMethod Algorithm="http://www.w3.org/TR/2001/REC-xml-c14n-20010315"/>
<ds:SignatureMethod Algorithm="http://www.w3.org/2000/09/xmldsig#rsa-sha1"/>
<ds:Reference URI="">
<ds:Transforms>
<ds:Transform Algorithm="http://www.w3.org/2000/09/xmldsig#enveloped-signature"/>
<ds:Transform Algorithm="http://www.w3.org/TR/2001/REC-xml-c14n-20010315#WithComments"/>
</ds:Transforms>
<ds:DigestMethod Algorithm="http://www.w3.org/2000/09/xmldsig#sha1"/>
<ds:DigestValue>xyPdxBATIaP4gQppIUxt5S5GsEc=</ds:DigestValue>
</ds:Reference>
</ds:SignedInfo>
<ds:SignatureValue>
QUaJSeNMwjy7S+9HgkbSjlghzi0ENafnKY1kKNjhTFva2QJKL/4zs44skT3/wUvnMaXTQsTbI6TD&#13;
LCOKrkuo5nTWyPF8miGA/wl7FR29y3pe/GWfSxTGJVsiY7Mx15QGAz4rxqHLHUFpM9p8l/zaTTe7&#13;
1cm+rfOFLVkiN8hzwjo=
</ds:SignatureValue>
<ds:KeyInfo>
<ds:KeyValue>
<ds:RSAKeyValue>
<ds:Modulus>k6rZ6WWxmszwIYFhWG892UChF9E9yfFcxODXMVuOT6fkF8GGiUZFDaOjjR61gtuVYdJkYjDNXUzH&#13;
sq+XdG5KkLb+js25AFDHkZ5UMWjW6JRG1cSTWBeSblovZos+5bDPJJ6fJZpo3gf0eaMFYnOyGt99&#13;
r/Xv5KFmaq3ZARhLcrM=</ds:Modulus>
<ds:Exponent>AQAB</ds:Exponent>
</ds:RSAKeyValue>
</ds:KeyValue>
<ds:X509Data>
<ds:X509Certificate>
MIICqDCCAhGgAwIBAgIBATANBgkqhkiG9w0BAQsFADCBmTEXMBUGA1UEAwwObm92aUBnbWFpbC5j&#13;
b20xCTAHBgNVBAQMADEJMAcGA1UEKgwAMREwDwYDVQQKDAhDaG9jTWFpbDERMA8GA1UECwwIQ2hv&#13;
Y01haWwxCzAJBgNVBAYTAlJTMR0wGwYJKoZIhvcNAQkBFg5ub3ZpQGdtYWlsLmNvbTEWMBQGCgmS&#13;
JomT8ixkAQEMBjEyMzQ0NTAeFw0xOTA2MjkxMzQ1MDZaFw0yMTA2MjkxMzQ1MDZaMIGZMRcwFQYD&#13;
VQQDDA5ub3ZpQGdtYWlsLmNvbTEJMAcGA1UEBAwAMQkwBwYDVQQqDAAxETAPBgNVBAoMCENob2NN&#13;
YWlsMREwDwYDVQQLDAhDaG9jTWFpbDELMAkGA1UEBhMCUlMxHTAbBgkqhkiG9w0BCQEWDm5vdmlA&#13;
Z21haWwuY29tMRYwFAYKCZImiZPyLGQBAQwGMTIzNDQ1MIGfMA0GCSqGSIb3DQEBAQUAA4GNADCB&#13;
iQKBgQCTqtnpZbGazPAhgWFYbz3ZQKEX0T3J8VzE4NcxW45Pp+QXwYaJRkUNo6ONHrWC25Vh0mRi&#13;
MM1dTMeyr5d0bkqQtv6OzbkAUMeRnlQxaNbolEbVxJNYF5JuWi9miz7lsM8knp8lmmjeB/R5owVi&#13;
c7Ia332v9e/koWZqrdkBGEtyswIDAQABMA0GCSqGSIb3DQEBCwUAA4GBAHRl/y5y4Kkiw0GCXulk&#13;
DrUzP2UVZTmbEuXaOMRHrAIKN7ZELyWpu+7nHTRDfVAxho6AIg+0zmBcDC5c0u+5sMdLCLnBBYmP&#13;
RoVB1UbklaUbeP2RBK1OGSoNVSokNfO3HHrCaPhp5ZzI+XOaezTvDQELE62JILs7SO49hnqU+GeG
</ds:X509Certificate>
</ds:X509Data>
</ds:KeyInfo>
</ds:Signature></lockbum>