<?xml version="1.0" encoding="UTF-8" standalone="no"?><lockbum><email>novi@gmail.com</email><images><xenc:EncryptedData xmlns:xenc="http://www.w3.org/2001/04/xmlenc#" Type="http://www.w3.org/2001/04/xmlenc#Content"><xenc:EncryptionMethod Algorithm="http://www.w3.org/2001/04/xmlenc#tripledes-cbc"/><ds:KeyInfo xmlns:ds="http://www.w3.org/2000/09/xmldsig#">
<ds:KeyName>Kriptovani tajni kljuc</ds:KeyName>
<xenc:EncryptedKey><xenc:EncryptionMethod Algorithm="http://www.w3.org/2001/04/xmlenc#rsa-1_5"/><xenc:CipherData><xenc:CipherValue>aFdNeIhGjBYxUK2soyngO6+Kk96qDvBtYuD4jpHv1XLA/CYBXZ+Dqgn25aaxRnNooEy2L9nv22z/&#13;
fKjBkqGMHDxB8rnQZZf8D3Py09PTiZacT7WUcKkkX/zRwn7RQxrs9MAZUdyl1dUByNRy3BJ2MBFy&#13;
7WEOheQRuSvauHWkQ68=</xenc:CipherValue></xenc:CipherData></xenc:EncryptedKey></ds:KeyInfo><xenc:CipherData><xenc:CipherValue>FkPAS7pCmrKbmc96dBsOuRzT+Xu7IUI4W0gYqB9N7y45u8274vpwvEEYjGfXTYu3SaF/eI5Q/GE7&#13;
uArmYm4PCMdTLzlVV6II9BkfZl4UaoMeHszzUEHO4PWipu4z5pebAs8k62J1bWlTytmJmPmWRtUb&#13;
j28hWXEXGIIWxsDSuFzgNVb7iH/u0v+hcYSIsxhm+q+zjmj/E17cBz5/HZzJEDO+ohYAXS+Ivv3A&#13;
KL8lE9A2u5/0O8Zx4uIRZqWwkyty</xenc:CipherValue></xenc:CipherData></xenc:EncryptedData></images><date>Sat Jun 29 15:45:37 CEST 2019</date><ds:Signature xmlns:ds="http://www.w3.org/2000/09/xmldsig#">
<ds:SignedInfo>
<ds:CanonicalizationMethod Algorithm="http://www.w3.org/TR/2001/REC-xml-c14n-20010315"/>
<ds:SignatureMethod Algorithm="http://www.w3.org/2000/09/xmldsig#rsa-sha1"/>
<ds:Reference URI="">
<ds:Transforms>
<ds:Transform Algorithm="http://www.w3.org/2000/09/xmldsig#enveloped-signature"/>
<ds:Transform Algorithm="http://www.w3.org/TR/2001/REC-xml-c14n-20010315#WithComments"/>
</ds:Transforms>
<ds:DigestMethod Algorithm="http://www.w3.org/2000/09/xmldsig#sha1"/>
<ds:DigestValue>Jz8Co6twOiGJ3KdeJ0DfwoPXXrc=</ds:DigestValue>
</ds:Reference>
</ds:SignedInfo>
<ds:SignatureValue>
SUxg0AoX+glwuVl4iVAOfF8c36S/WiKPLI8yrnDr97fnPnVat5T9DfAtc0Q6qvjh2jEuthLCLMwe&#13;
OmhmqWdYwMBcpB6paL151Z4Qcm1gAfQ1YpRpQt6yFzMSJrRkPwgISFHSNCMcEO4CyRmcZFIjFLar&#13;
+3n4yVLejogVhVE3nQ4=
</ds:SignatureValue>
<ds:KeyInfo>
<ds:KeyValue>
<ds:RSAKeyValue>
<ds:Modulus>k6rZ6WWxmszwIYFhWG892UChF9E9yfFcxODXMVuOT6fkF8GGiUZFDaOjjR61gtuVYdJkYjDNXUzH&#13;
sq+XdG5KkLb+js25AFDHkZ5UMWjW6JRG1cSTWBeSblovZos+5bDPJJ6fJZpo3gf0eaMFYnOyGt99&#13;
r/Xv5KFmaq3ZARhLcrM=</ds:Modulus>
<ds:Exponent>AQAB</ds:Exponent>
</ds:RSAKeyValue>
</ds:KeyValue>
<ds:X509Data>
<ds:X509Certificate>
MIICqDCCAhGgAwIBAgIBATANBgkqhkiG9w0BAQsFADCBmTEXMBUGA1UEAwwObm92aUBnbWFpbC5j&#13;
b20xCTAHBgNVBAQMADEJMAcGA1UEKgwAMREwDwYDVQQKDAhDaG9jTWFpbDERMA8GA1UECwwIQ2hv&#13;
Y01haWwxCzAJBgNVBAYTAlJTMR0wGwYJKoZIhvcNAQkBFg5ub3ZpQGdtYWlsLmNvbTEWMBQGCgmS&#13;
JomT8ixkAQEMBjEyMzQ0NTAeFw0xOTA2MjkxMzQ1MDZaFw0yMTA2MjkxMzQ1MDZaMIGZMRcwFQYD&#13;
VQQDDA5ub3ZpQGdtYWlsLmNvbTEJMAcGA1UEBAwAMQkwBwYDVQQqDAAxETAPBgNVBAoMCENob2NN&#13;
YWlsMREwDwYDVQQLDAhDaG9jTWFpbDELMAkGA1UEBhMCUlMxHTAbBgkqhkiG9w0BCQEWDm5vdmlA&#13;
Z21haWwuY29tMRYwFAYKCZImiZPyLGQBAQwGMTIzNDQ1MIGfMA0GCSqGSIb3DQEBAQUAA4GNADCB&#13;
iQKBgQCTqtnpZbGazPAhgWFYbz3ZQKEX0T3J8VzE4NcxW45Pp+QXwYaJRkUNo6ONHrWC25Vh0mRi&#13;
MM1dTMeyr5d0bkqQtv6OzbkAUMeRnlQxaNbolEbVxJNYF5JuWi9miz7lsM8knp8lmmjeB/R5owVi&#13;
c7Ia332v9e/koWZqrdkBGEtyswIDAQABMA0GCSqGSIb3DQEBCwUAA4GBAHRl/y5y4Kkiw0GCXulk&#13;
DrUzP2UVZTmbEuXaOMRHrAIKN7ZELyWpu+7nHTRDfVAxho6AIg+0zmBcDC5c0u+5sMdLCLnBBYmP&#13;
RoVB1UbklaUbeP2RBK1OGSoNVSokNfO3HHrCaPhp5ZzI+XOaezTvDQELE62JILs7SO49hnqU+GeG
</ds:X509Certificate>
</ds:X509Data>
</ds:KeyInfo>
</ds:Signature></lockbum>