<?xml version="1.0" encoding="UTF-8" standalone="no"?><lockbum><email>nemza@gmail.com</email><images><xenc:EncryptedData xmlns:xenc="http://www.w3.org/2001/04/xmlenc#" Type="http://www.w3.org/2001/04/xmlenc#Content"><xenc:EncryptionMethod Algorithm="http://www.w3.org/2001/04/xmlenc#tripledes-cbc"/><ds:KeyInfo xmlns:ds="http://www.w3.org/2000/09/xmldsig#">
<ds:KeyName>Kriptovani tajni kljuc</ds:KeyName>
<xenc:EncryptedKey><xenc:EncryptionMethod Algorithm="http://www.w3.org/2001/04/xmlenc#rsa-1_5"/><xenc:CipherData><xenc:CipherValue>k1omvLG0pIYofq8zpKwmfWGGuKJsakbCU5exuvmlVTdkb/QxOGu3Y/eXmTOM+WMnKDz2479aKiLC&#13;
lAm8W91YMYbPrFTkJ4I0IlskjBn5i6iNA56nXCNzeyS3Jpc2rYEfJQ4iwOpFOt+FVEBxLe195D30&#13;
7xljHpb8QnjWMrikQs8=</xenc:CipherValue></xenc:CipherData></xenc:EncryptedKey></ds:KeyInfo><xenc:CipherData><xenc:CipherValue>Cfz7W+Nax9ctrwp2hzx1qRfSPVV4VTIias/Gnmu8/PT0LD4G+KuCyMi1LJ1TrJTp9019ifne+hzy&#13;
56iaXPa9Do5aTZkwI0NL3X2/Tuyanxy2oMx558wnsgoxC435Xd9hMF+AYT7OnFiQqzgQ1oQe4rVh&#13;
WOG25Zm2c+SeyfAmT0NESXxWzGq7a8BMQjJwkJSC9Ut3Xqfz/3Agha5+NeybHMOhSO0wcsAAqkcL&#13;
ZpTqSPhIcSDqICNPx/xfNGfIucGLOwWvAc3+ZpMm5Nwa7RBTv8pDguC/kp0j337lqEPxfXPxrK85&#13;
U2v3mdJ8ualTgXPobTTRMQaKRSd2GkLyYN6np8KDkgbSruLVeOUkB+XVYGS+C5A0m2RwwDkZbUjH&#13;
uxpnqKlD71mdUtWUi98us6F4bfYIBl117vpcpyTD6N3Zebo=</xenc:CipherValue></xenc:CipherData></xenc:EncryptedData></images><date>Mon Jun 24 14:39:21 CEST 2019</date><ds:Signature xmlns:ds="http://www.w3.org/2000/09/xmldsig#">
<ds:SignedInfo>
<ds:CanonicalizationMethod Algorithm="http://www.w3.org/TR/2001/REC-xml-c14n-20010315"/>
<ds:SignatureMethod Algorithm="http://www.w3.org/2000/09/xmldsig#rsa-sha1"/>
<ds:Reference URI="">
<ds:Transforms>
<ds:Transform Algorithm="http://www.w3.org/2000/09/xmldsig#enveloped-signature"/>
<ds:Transform Algorithm="http://www.w3.org/TR/2001/REC-xml-c14n-20010315#WithComments"/>
</ds:Transforms>
<ds:DigestMethod Algorithm="http://www.w3.org/2000/09/xmldsig#sha1"/>
<ds:DigestValue>naq0xWahmPTxjuV1PpBFCZCvFic=</ds:DigestValue>
</ds:Reference>
</ds:SignedInfo>
<ds:SignatureValue>
pTJKHSBCKi/JHYa0MxW267PmYuOdcAVZBI6V39AD7x1swtDraaDRtIhOlCKwXoFph77jYKqjqMeo&#13;
59fuIfWbRhcISULztTGNkmb614b30F+b1F5UqG/SIgTCa5I7sff8jv9Pd7wJyJW9Qhop4ZjgLqe6&#13;
STAbf0w3MqPn3Do4ptc=
</ds:SignatureValue>
<ds:KeyInfo>
<ds:KeyValue>
<ds:RSAKeyValue>
<ds:Modulus>5AnqSwjqQEvormXeiS5fh2IH4yeEkQzCBbY0voZfRx6+eYRVataTr2QogFokM6lBLzkVzTUsfhDy&#13;
yUQ9Hym9jmABYEQhT04uRTlYIU0QCvNfg4nKfXVRBdK7VSIhfyQKImtaY1C5EnjivmRA6ssl4S0L&#13;
TJeNzbetoR13Vfm+1D0=</ds:Modulus>
<ds:Exponent>AQAB</ds:Exponent>
</ds:RSAKeyValue>
</ds:KeyValue>
<ds:X509Data>
<ds:X509Certificate>
MIICrDCCAhWgAwIBAgIBATANBgkqhkiG9w0BAQsFADCBmzEYMBYGA1UEAwwPbmVtemFAZ21haWwu&#13;
Y29tMQkwBwYDVQQEDAAxCTAHBgNVBCoMADERMA8GA1UECgwIQ2hvY01haWwxETAPBgNVBAsMCENo&#13;
b2NNYWlsMQswCQYDVQQGEwJSUzEeMBwGCSqGSIb3DQEJARYPbmVtemFAZ21haWwuY29tMRYwFAYK&#13;
CZImiZPyLGQBAQwGMTIzNDQ1MB4XDTE5MDYyNDEwNDM0NVoXDTIxMDYyNDEwNDM0NVowgZsxGDAW&#13;
BgNVBAMMD25lbXphQGdtYWlsLmNvbTEJMAcGA1UEBAwAMQkwBwYDVQQqDAAxETAPBgNVBAoMCENo&#13;
b2NNYWlsMREwDwYDVQQLDAhDaG9jTWFpbDELMAkGA1UEBhMCUlMxHjAcBgkqhkiG9w0BCQEWD25l&#13;
bXphQGdtYWlsLmNvbTEWMBQGCgmSJomT8ixkAQEMBjEyMzQ0NTCBnzANBgkqhkiG9w0BAQEFAAOB&#13;
jQAwgYkCgYEA5AnqSwjqQEvormXeiS5fh2IH4yeEkQzCBbY0voZfRx6+eYRVataTr2QogFokM6lB&#13;
LzkVzTUsfhDyyUQ9Hym9jmABYEQhT04uRTlYIU0QCvNfg4nKfXVRBdK7VSIhfyQKImtaY1C5Enji&#13;
vmRA6ssl4S0LTJeNzbetoR13Vfm+1D0CAwEAATANBgkqhkiG9w0BAQsFAAOBgQCw3Az6yFUdrpJL&#13;
XgJgrl/jM5Qw7eKtHMFmQt5jLQYd1uO/sUXR6rk+6c3NLGhK+RnMqCCe3lGww0VKAvgSuFs+u7wB&#13;
AgcFHlzkayKIUTBcNjTJsZPOVEE0HYU95UG2sd6H/og6V4YHz1Evz7WJjPwkZ0975Jae7/Lw+cFF&#13;
/l8NWA==
</ds:X509Certificate>
</ds:X509Data>
</ds:KeyInfo>
</ds:Signature></lockbum>