<?xml version="1.0" encoding="UTF-8" standalone="no"?><lockbum><email>novi@gmail.com</email><images><xenc:EncryptedData xmlns:xenc="http://www.w3.org/2001/04/xmlenc#" Type="http://www.w3.org/2001/04/xmlenc#Content"><xenc:EncryptionMethod Algorithm="http://www.w3.org/2001/04/xmlenc#tripledes-cbc"/><ds:KeyInfo xmlns:ds="http://www.w3.org/2000/09/xmldsig#">
<ds:KeyName>Kriptovani tajni kljuc</ds:KeyName>
<xenc:EncryptedKey><xenc:EncryptionMethod Algorithm="http://www.w3.org/2001/04/xmlenc#rsa-1_5"/><xenc:CipherData><xenc:CipherValue>f+lPkNCgZgTbCGXfWgKa3Pd8+Ttbf7C0p7mEbtVcMj7MyBaanGVlNvCih2Dd8yq2s4gAcRvQsVY/&#13;
1ThFmof86baStDzLAm6ClngG+mkxIVag4Pfgrs9Buot1q9vvMwCRTD7mjBsAG9Ecc7p0H2QZbfDS&#13;
EjVRA3/+PBFl5QYRAZw=</xenc:CipherValue></xenc:CipherData></xenc:EncryptedKey></ds:KeyInfo><xenc:CipherData><xenc:CipherValue>JqvpQfPSWrDkM7hvI1O8oIFpy0q+Bqh1UhiX61PLbyPb4xglopPVuEpW7/ptNinB3A8FgElKifRb&#13;
Z4dUVKAhrUiEAKKtVmdq0IITVITZCEj2s4hfI+SoCNpfzt3TyOMXwnAdvM+N/iA3uu2NrRdK5mOL&#13;
K0O3vD0xnXm+KwuYKM3incFTwb29Q4lvwJ6WUOI4nFlmxuS0OeptI2qMZ2ypqq/RVOk/EFOHJJ8Z&#13;
fmEuCtX5Iw5znbq89hZt1yvuRhOd</xenc:CipherValue></xenc:CipherData></xenc:EncryptedData></images><date>Sat Jun 29 15:54:46 CEST 2019</date><ds:Signature xmlns:ds="http://www.w3.org/2000/09/xmldsig#">
<ds:SignedInfo>
<ds:CanonicalizationMethod Algorithm="http://www.w3.org/TR/2001/REC-xml-c14n-20010315"/>
<ds:SignatureMethod Algorithm="http://www.w3.org/2000/09/xmldsig#rsa-sha1"/>
<ds:Reference URI="">
<ds:Transforms>
<ds:Transform Algorithm="http://www.w3.org/2000/09/xmldsig#enveloped-signature"/>
<ds:Transform Algorithm="http://www.w3.org/TR/2001/REC-xml-c14n-20010315#WithComments"/>
</ds:Transforms>
<ds:DigestMethod Algorithm="http://www.w3.org/2000/09/xmldsig#sha1"/>
<ds:DigestValue>Ml1Ny39ru+siewHbWpg4Ehe1zD4=</ds:DigestValue>
</ds:Reference>
</ds:SignedInfo>
<ds:SignatureValue>
a/ncwRnRAC+Fpxv0I875z4Gza8aPtLFzNnSKJKlfRUAzM1tgwHoaMNzX21wgHzE6obBmkH9NaiJX&#13;
RgZskLlNP5h/5xm7hlc7F/o1q3lpg5rOgGkGoStXgukmAEjF53wSCgjGo8tB1eXlHye6YbRnkcwX&#13;
OiUrLwlwcO2WmKf53rM=
</ds:SignatureValue>
<ds:KeyInfo>
<ds:KeyValue>
<ds:RSAKeyValue>
<ds:Modulus>k6rZ6WWxmszwIYFhWG892UChF9E9yfFcxODXMVuOT6fkF8GGiUZFDaOjjR61gtuVYdJkYjDNXUzH&#13;
sq+XdG5KkLb+js25AFDHkZ5UMWjW6JRG1cSTWBeSblovZos+5bDPJJ6fJZpo3gf0eaMFYnOyGt99&#13;
r/Xv5KFmaq3ZARhLcrM=</ds:Modulus>
<ds:Exponent>AQAB</ds:Exponent>
</ds:RSAKeyValue>
</ds:KeyValue>
<ds:X509Data>
<ds:X509Certificate>
MIICqDCCAhGgAwIBAgIBATANBgkqhkiG9w0BAQsFADCBmTEXMBUGA1UEAwwObm92aUBnbWFpbC5j&#13;
b20xCTAHBgNVBAQMADEJMAcGA1UEKgwAMREwDwYDVQQKDAhDaG9jTWFpbDERMA8GA1UECwwIQ2hv&#13;
Y01haWwxCzAJBgNVBAYTAlJTMR0wGwYJKoZIhvcNAQkBFg5ub3ZpQGdtYWlsLmNvbTEWMBQGCgmS&#13;
JomT8ixkAQEMBjEyMzQ0NTAeFw0xOTA2MjkxMzQ1MDZaFw0yMTA2MjkxMzQ1MDZaMIGZMRcwFQYD&#13;
VQQDDA5ub3ZpQGdtYWlsLmNvbTEJMAcGA1UEBAwAMQkwBwYDVQQqDAAxETAPBgNVBAoMCENob2NN&#13;
YWlsMREwDwYDVQQLDAhDaG9jTWFpbDELMAkGA1UEBhMCUlMxHTAbBgkqhkiG9w0BCQEWDm5vdmlA&#13;
Z21haWwuY29tMRYwFAYKCZImiZPyLGQBAQwGMTIzNDQ1MIGfMA0GCSqGSIb3DQEBAQUAA4GNADCB&#13;
iQKBgQCTqtnpZbGazPAhgWFYbz3ZQKEX0T3J8VzE4NcxW45Pp+QXwYaJRkUNo6ONHrWC25Vh0mRi&#13;
MM1dTMeyr5d0bkqQtv6OzbkAUMeRnlQxaNbolEbVxJNYF5JuWi9miz7lsM8knp8lmmjeB/R5owVi&#13;
c7Ia332v9e/koWZqrdkBGEtyswIDAQABMA0GCSqGSIb3DQEBCwUAA4GBAHRl/y5y4Kkiw0GCXulk&#13;
DrUzP2UVZTmbEuXaOMRHrAIKN7ZELyWpu+7nHTRDfVAxho6AIg+0zmBcDC5c0u+5sMdLCLnBBYmP&#13;
RoVB1UbklaUbeP2RBK1OGSoNVSokNfO3HHrCaPhp5ZzI+XOaezTvDQELE62JILs7SO49hnqU+GeG
</ds:X509Certificate>
</ds:X509Data>
</ds:KeyInfo>
</ds:Signature></lockbum>